filename,title,caption,location,date
sunset-field.jpg,Fiery Countryside Sunset,Vibrant orange and red glow over a quiet countryside garden at dusk.,Bulgaria,Aug 2026
night-sky.png,Dark Sky Astrophotography,Countless stars revealed in a crisp high-altitude night sky far away from light pollution.,Balkan Mountains,Jul 2026
mountain-refuge.png,Alpine Hut by Night,Red headlamp illumination and dramatic limestone walls towering over the mountain refuge.,Julian Alps,Aug 2025
triglav-ridge.png,Summit Ridge Traverse,Scrambling along the exposed rocky ridge toward the Aljaž Tower at the summit of Triglav.,Mount Triglav (2864m),Aug 2025
stork-nests.png,Storks at Twilight,White storks perched peacefully in their pole-top nests as the evening sun settles.,Thracian Plain,Jun 2026
rock-climbing.jpg,Rock Climbing,Belaying on granite crags under a summer canopy.,Bulgaria,Summer 2025
kamenitza-mountain.jpg,Mountain Refreshment,Classic giant beer barrel kiosk with alpine peaks in the backdrop.,Pirin Mountains,Jul 2025
winter-mountaineering.png,Winter Ropework,Rope management and snow anchor practice on the winter slopes.,Rila Mountains,Winter 2025
mountain-hut-summer.jpg,Alpine Shelter,High-altitude stone refuge beneath open mountain skies.,Pirin Mountains,Jul 2025
frosty-selfie.png,Subzero Summit Selfie,Frost and rime ice framing the camera screen in freezing winter conditions.,Vitosha Mountains,Jan 2026
rocky-summit-hike.jpg,Rocky Ridge Peak,Standing atop the boulder-strewn summit under dramatic cloud formations.,Rila Mountains,Aug 2025
olympus-peak-view.png,High Alpine Panorama,Looking across rugged limestone peaks and towering precipices.,Mount Olympus,Summer 2025
diamond-beach-ice.jpg,Glacial Diamond,A crystal-clear iceberg fragment resting on volcanic black sands in the mist.,Diamond Beach,Autumn 2025
black-sand-icebergs.jpg,Ice on Volcanic Sand,Glistening chunks of ancient glacier ice washed ashore by rolling ocean surf.,Breiðamerkursandur,Autumn 2025
